NewbieCup2019_1,test_1
NewbieCup2019_2,test_2
NewbieCup2019_3,test_3
NewbieCup2019_4,test_4
NewbieCup2019_5,test_5
NewbieCup2019_6,test_6
NewbieCup2019_7,test_7
NewbieCup2019_8,test_8
NewbieCup2019_9,test_9
NewbieCup2019_10,test_10
NewbieCup2019_11,test_11
NewbieCup2019_12,test_12
NewbieCup2019_13,test_13
NewbieCup2019_14,test_14
NewbieCup2019_15,test_15
NewbieCup2019_16,test_16
NewbieCup2019_17,test_17
NewbieCup2019_18,test_18
NewbieCup2019_19,test_19
NewbieCup2019_20,test_20
NewbieCup2019_21,test_21
NewbieCup2019_22,test_22
NewbieCup2019_23,test_23
NewbieCup2019_24,test_24
NewbieCup2019_25,test_25
NewbieCup2019_26,test_26
NewbieCup2019_27,test_27
NewbieCup2019_28,test_28
NewbieCup2019_29,test_29
NewbieCup2019_30,test_30
NewbieCup2019_31,test_31
